{"cameraMode":{"drawMode":0,"name":"Shaded","section":"Shading Mode"},"sceneLighting":true,"audioPlay":false,"sceneViewState":{"m_AlwaysRefresh":false,"showFog":true,"showSkybox":true,"showFlares":true,"showImageEffects":true,"showParticleSystems":true,"showVisualEffectGraphs":true,"m_FxEnabled":true},"in2DMode":false,"pivot":{"x":1.5032565593719483,"y":1.9885025024414063,"z":2.8041610717773439},"rotation":{"x":0.20404548943042756,"y":-0.010278814472258091,"z":0.0021426111925393345,"w":0.9789047837257385},"size":10.354844093322754,"orthographic":false}